<?xml version="1.0" encoding="UTF-8"?>
<!DOCTYPE mapper
        PUBLIC "-//mybatis.org//DTD Mapper 3.0//EN"
        "http://mybatis.org/dtd/mybatis-3-mapper.dtd">
<mapper namespace="com.linkface.mapper.UserDataMapper">
	<select id="select" parameterType="com.linkface.entity.UserData" resultType="com.linkface.entity.UserData">
		select * from userdata where user_key=#{userKey}
	</select>
	
	<delete id="delete" parameterType="com.linkface.entity.UserData">
		delete from userdata where user_key=#{userKey} and jjim=#{jjim}
	</delete>
	
	<insert id="insert" parameterType="com.linkface.entity.UserData">
		insert into userdata values(#{userKey},#{jjim},null)
	</insert>

	<select id="selectOne" parameterType="com.linkface.entity.UserData" resultType="com.linkface.entity.UserData">
		select * from userdata where user_key=#{userKey} and jjim=#{jjim}
	</select>
</mapper>